Workbook

Sheet Constantes
A1: TP 2 – Constantes (Lannelongue et al., 2021)
A2: Légende : cellules jaunes / texte bleu = entrées modifiables ; texte noir = formules ; texte vert = lien vers une autre feuille.
A4: Constante | B4: Valeur | C4: Unité | D4: Source / remarque
A5: PUE moyen mondial | B5: 1.67 | C5: - | D5: Article §2 (Uptime Institute 2019)
A6: CI moyenne mondiale | B6: 475 | C6: gCO2e/kWh | D6: Article §2 (IEA 2019)
A7: Puissance mémoire P_m | B7: 0.3725 | C7: W/Go | D7: Article §5, Power Draw from Memory
A8: Absorption d'un arbre adulte | B8: 11 | C8: kgCO2/an | D8: Article §5, CO2 Sequestration by Trees
A9: Absorption d'un arbre par mois | B9: =B8/12 -> 0.91666667 | C9: kgCO2/mois | D9: Calcul : absorption annuelle / 12 (l'article écrit « 0,92 g », coquille pour kg)
A10: Voiture européenne | B10: 175 | C10: gCO2e/km | D10: Article §5, CO2e of Driving
A11: Vol New York – San Francisco | B11: 570000 | C11: gCO2e | D11: Article §5, vols de référence
A12: Vol Paris – Londres | B12: 50000 | C12: gCO2e | D12: Article §5, vols de référence
A14: Formule (4) : C = t × (n_c × P_c × u_c + n_m × P_m) × PUE × CI × 0,001

Sheet 1.1 Geant4
A1: 1.1 Simulation de physique des particules (Geant4-DNA)
A3: Paramètre | B3: Valeur | C3: Unité | D3: Justification
A4: Durée (semaines) | B4: 3 | C4: semaines | D4: Énoncé : 3 semaines par expérience
A5: t – Durée | B5: =B4*7*24 -> 504 | C5: h | D5: Calcul : semaines × 7 × 24
A6: n_c – Nombre de cœurs | B6: 12 | C6: cœurs | D6: 24 threads sur 12 cœurs physiques : on compte les cœurs
A7: TDP du CPU (Xeon E5-2680 v3) | B7: 120 | C7: W | D7: TDP constructeur du processeur (12 cœurs)
A8: P_c – Puissance par cœur | B8: =B7/B6 -> 10 | C8: W/cœur | D8: Calcul : TDP / nombre de cœurs
A9: u_c – Facteur d'usage | B9: 1 | C9: - | D9: Inconnu : hypothèse 100 % (article §5)
A10: n_m – Mémoire | B10: 10 | C10: Go | D10: Énoncé : jusqu'à 10 Go
A11: P_m – Puissance mémoire | B11: =Constantes!B7 -> 0.3725 | C11: W/Go | D11: Lien feuille Constantes
A12: PUE | B12: =Constantes!B5 -> 1.67 | C12: - | D12: Moyenne mondiale
A13: CI | B13: =Constantes!B6 -> 475 | C13: gCO2e/kWh | D13: Moyenne mondiale
A14: PSF (niveaux d'énergie testés) | B14: 11 | C14: - | D14: Q3 : 11 niveaux d'énergie = 11 exécutions
A16: Résultats | B16: Valeur | C16: Unité | D16: Formule / remarque
A17: Puissance CPU | B17: =B6*B8*B9 -> 120 | C17: W | D17: Calcul : n_c × P_c × u_c
A18: Puissance mémoire | B18: =B10*B11 -> 3.725 | C18: W | D18: Calcul : n_m × P_m
A19: Puissance totale | B19: =B17+B18 -> 123.725 | C19: W
A20: Q1 – Énergie (1 expérience) | B20: =B5*B19*B12*0.001 -> 104.13686 | C20: kWh | D20: Formule (1) : t × P × PUE × 0,001
A21: Q1 – Empreinte carbone (1 expérience) | B21: =B20*B13 -> 49465.008 | C21: gCO2e | D21: Formule (3) : E × CI — article : 49 465
A22: Q3 – Empreinte carbone (étude, ×PSF) | B22: =B21*B14 -> 544115.08 | C22: gCO2e | D22: Calcul : C × PSF — article : 544 115
A23: Équivalent voiture (étude) | B23: =B22/Constantes!B10 -> 3109.229 | C23: km | D23: article : 3 109 km
A24: Équivalent vols NY – SF (étude) | B24: =B22/Constantes!B11 -> 0.95458787 | C24: vols | D24: article : ≈ 1 vol
A25: Q4 – Arbres-mois (1 expérience) | B25: =B21/1000/Constantes!B9 -> 53.961826 | C25: arbres-mois
A26: Q4 – Arbres-mois (étude) | B26: =B22/1000/Constantes!B9 -> 593.58009 | C26: arbres-mois | D26: article : 593
A27: Q4 – Années pour un arbre (étude) | B27: =B26/12 -> 49.465008 | C27: ans | D27: article : 49 ans
A29: Q2 – Vérification sur green-algorithms.org
A30: Runtime 504 h ; CPU Xeon E5-2680 v3 ; 12 cœurs ; mémoire 10 Go ; usage factor 1 ;
A31: localisation World ; PUE 1,67 ; PSF 1 (puis 11). Si le site a mis à jour ses valeurs par défaut,
A32: forcer PUE = 1,67 et vérifier que la CI utilisée est 475 gCO2e/kWh.
A33: Résultat site : ____________ gCO2e (à compléter)

Sheet 1.2 BERT
A1: 1.2 IA – Entraînement de BERT (TAL)
A3: Paramètre | B3: Valeur | C3: Unité | D3: Justification
A4: t – Durée d'entraînement | B4: 79 | C4: h | D4: Énoncé (Strubell et al., 2019)
A5: n_c – Nombre de GPU | B5: 64 | C5: GPU | D5: Tesla V100
A6: P_c – TDP d'un GPU Tesla V100 | B6: 300 | C6: W/GPU | D6: TDP constructeur (valeur Green Algorithms)
A7: u_c – Facteur d'usage | B7: 0.627 | C7: - | D7: Énoncé : 62,7 %
A8: n_m – Mémoire | B8: 0 | C8: Go | D8: Non prise en compte (négligeable, cohérent avec l'article)
A9: P_m – Puissance mémoire | B9: =Constantes!B7 -> 0.3725 | C9: W/Go | D9: Lien feuille Constantes
A10: PUE | B10: =Constantes!B5 -> 1.67 | C10: - | D10: Moyenne mondiale
A11: CI | B11: =Constantes!B6 -> 475 | C11: gCO2e/kWh | D11: Moyenne mondiale
A12: PSF (recherche d'hyperparamètres) | B12: 100 | C12: - | D12: Q2 : PSF conservateur de 100
A14: Résultats | B14: Valeur | C14: Unité | D14: Formule / remarque
A15: Puissance GPU | B15: =B5*B6*B7 -> 12038.4 | C15: W | D15: Calcul : n_c × P_c × u_c
A16: Puissance mémoire | B16: =B8*B9 -> 0 | C16: W | D16: Calcul : n_m × P_m
A17: Puissance totale | B17: =B15+B16 -> 12038.4 | C17: W
A18: Énergie (1 entraînement) | B18: =B4*B17*B10*0.001 -> 1588.2261 | C18: kWh | D18: Formule (1)
A19: Q1 – Empreinte carbone (1 entraînement) | B19: =B18*B11 -> 754407.4 | C19: gCO2e | D19: article : 754 407
A20: Q2 – Empreinte carbone (PSF) | B20: =B19*B12 -> 75440740 | C20: gCO2e | D20: article : 75 440 740
A21: Q2 – Empreinte carbone (PSF) | B21: =B20/1000000 -> 75.44074 | C21: tCO2e
A22: Équivalent voiture (1 entraînement) | B22: =B19/Constantes!B10 -> 4310.8994 | C22: km | D22: article : 4 311 km
A23: Équivalent vols NY – SF (1 entraînement) | B23: =B19/Constantes!B11 -> 1.3235218 | C23: vols | D23: article : 1,3 vol
A24: Arbres-mois (1 entraînement) | B24: =B19/1000/Constantes!B9 -> 822.98989 | C24: arbres-mois | D24: article : 823
A25: Arbres-mois (avec PSF) | B25: =B20/1000/Constantes!B9 -> 82298.989 | C25: arbres-mois
A26: Équivalent voiture (avec PSF) | B26: =B20/Constantes!B10 -> 431089.94 | C26: km

Sheet Synthèse
A1: Synthèse : calcul vs article
A3: Mesure | B3: Calcul (gCO2e) | C3: Article (gCO2e) | D3: Écart (gCO2e) | E3: Écart relatif
A4: Geant4 – 1 expérience | B4: ='1.1 Geant4'!B21 -> 49465.008 | C4: 49465 | D4: =B4-C4 -> 0.00755 | E4: =IF(C4=0,0,D4/C4) -> 1.5263317e-07
A5: Geant4 – étude (PSF 11) | B5: ='1.1 Geant4'!B22 -> 544115.08 | C5: 544115 | D5: =B5-C5 -> 0.08305 | E5: =IF(C5=0,0,D5/C5) -> 1.5263317e-07
A6: BERT – 1 entraînement | B6: ='1.2 BERT'!B19 -> 754407.4 | C6: 754407 | D6: =B6-C6 -> 0.4032 | E6: =IF(C6=0,0,D6/C6) -> 5.3445952e-07
A7: BERT – PSF 100 | B7: ='1.2 BERT'!B20 -> 75440740 | C7: 75440740 | D7: =B7-C7 -> 0.32000001 | E7: =IF(C7=0,0,D7/C7) -> 4.24174e-09
A9: Valeurs « Article » : Lannelongue et al., Adv. Sci. 2021, 8, 2100707, §2.1 et §2.3.

Sheet 2 Questions
A1: Partie 2 – EcoIndex : réponses aux questions 1 à 3
A3: Q1 – Formule implémentée | B3: EcoIndex = 100 − 5 × (3 × Q_dom + 2 × Q_req + Q_size) / 6 Pondérations : 3 pour la taille du DOM, 2 pour le nombre de requêtes, 1 pour le poids de la page. Le score va de 0 à 100 (100 = meilleur). Vérifié dans le code de l'organisation GitHub cnumr : • cnumr/ecoindex_python, components/ecoindex/compute/ecoindex.py, get_score() : round(100 - 5 * (3 * q_dom + 2 * q_req + q_size) / 6) • cnumr/ecoindex_js, src/index.js, computeEcoIndex() : même formule, sans arrondi. Les deux implémentations lisent les mêmes bornes (cnumr/ecoindex_reference) : les quantiles copiés dans ecoindex_python sont identiques au fichier de référence. Le code calcule aussi la note (A ≥ 80 < B … G), les GES = 2 + 2 × (50 − EcoIndex) / 100 (gCO2e) et l'eau = 3 + 3 × (50 − EcoIndex) / 100 (cl).
A4: Q2 – Fonction Quantile(x) | B4: Pour un tableau de bornes Q[0..20] (21 bornes, 20 intervalles) et une valeur x : • on cherche le premier i (de 1 à 20) tel que x < Q[i] ; • Quantile(x) = (i − 1) + (x − Q[i−1]) / (Q[i] − Q[i−1]) (interpolation linéaire dans l'intervalle) ; • si x ≥ Q[20], Quantile(x) = 20. Le résultat est donc un réel entre 0 et 20 : 0 = meilleur que toutes les pages de référence, 20 = pire. Dans la feuille « 2 EcoIndex », il est implémenté avec EQUIV (MATCH) et INDEX sur l'onglet « 2 Quantiles ».
A5: Q3 – Scénario d'évaluation | B5: Scénario du scraper officiel (ecoindex_python, scraper/scrap.py) : 1. Navigateur de bureau sans tête, contexte neuf (cache vide, sans cookies de consentement), user-agent desktop. 2. Fenêtre 1920 × 1080 px. 3. Chargement de l'URL et attente de l'événement load. 4. Attente avant défilement (1 s par défaut, 3 s via le helper), capture d'écran. 5. Touche Flèche bas puis défilement jusqu'en bas de page (déclenche le lazy-loading). 6. Attente après défilement (1 à 3 s). 7. Mesures : DOM = nombre d'éléments (*) hors enfants des <svg> ; requêtes = nombre d'entrées du fichier HAR ; poids = somme des tailles transférées / 1000 (Ko). On mesure la page d'accueil, telle qu'un visiteur la découvre, sans accepter les cookies.

Sheet 2 Quantiles
A1: Q4 – Bornes de quantiles (cnumr/ecoindex_reference, ecoindex_reference.json)
A3: Indice | B3: DOM (éléments) | C3: Requêtes | D3: Poids (Ko) | F3: Seuils de notes
A4: 0 | B4: 0 | C4: 0 | D4: 0 | F4: A | G4: 80
A5: 1 | B5: 47 | C5: 2 | D5: 1.37 | F5: B | G5: 70
A6: 2 | B6: 75 | C6: 15 | D6: 144.7 | F6: C | G6: 55
A7: 3 | B7: 159 | C7: 25 | D7: 319.53 | F7: D | G7: 40
A8: 4 | B8: 233 | C8: 34 | D8: 479.46 | F8: E | G8: 25
A9: 5 | B9: 298 | C9: 42 | D9: 631.97 | F9: F | G9: 10
A10: 6 | B10: 358 | C10: 49 | D10: 783.38 | F10: G | G10: 0
A11: 7 | B11: 417 | C11: 56 | D11: 937.91
A12: 8 | B12: 476 | C12: 63 | D12: 1098.62 | F12: Note = première lettre dont le score est strictement supérieur au seuil.
A13: 9 | B13: 537 | C13: 70 | D13: 1265.47
A14: 10 | B14: 603 | C14: 78 | D14: 1448.32
A15: 11 | B15: 674 | C15: 86 | D15: 1648.27
A16: 12 | B16: 753 | C16: 95 | D16: 1876.08
A17: 13 | B17: 843 | C17: 105 | D17: 2142.06
A18: 14 | B18: 949 | C18: 117 | D18: 2465.37
A19: 15 | B19: 1076 | C19: 130 | D19: 2866.31
A20: 16 | B20: 1237 | C20: 147 | D20: 3401.59
A21: 17 | B21: 1459 | C21: 170 | D21: 4155.73
A22: 18 | B22: 1801 | C22: 205 | D22: 5400.08
A23: 19 | B23: 2479 | C23: 281 | D23: 8037.54
A24: 20 | B24: 594601 | C24: 3920 | D24: 223212.26

Sheet 2 EcoIndex
A1: Q5 – Calcul de l'EcoIndex des pages d'accueil
A2: Entrées (bleu, jaune) : mesures DOM / requêtes / poids relevées par ecoindex.fr (API publique bff.ecoindex.fr). Tout le reste est calculé.
A4: Page | B4: DOM (éléments) | C4: Requêtes | D4: Poids (Ko) | E4: Q_dom | F4: Q_req | G4: Q_size | H4: EcoIndex (non arrondi) | I4: EcoIndex | J4: Note | K4: GES (gCO2e) | L4: Eau (cl) | M4: ecoindex.fr : score | N4: Note site | O4: Écart score | P4: Date et remarque de la mesure ecoindex.fr
A5: https://www.ecoindex.fr/ | B5: 195 | C5: 5 | D5: 155.329 | E5: =IF(B5>=MAX('2 Quantiles'!$B$4:$B$24),20,MATCH(B5,'2 Quantiles'!$B$4:$B$24,1)-1+(B5-INDEX('2 Quantiles'!$B$4:$B$24,MATCH(B5,'2 Quantiles'!$B$4:$B$24,1)))/(INDEX('2 Quantiles'!$B$4:$B$24,MATCH(B5,'2 Quantiles'!$B$4:$B$24,1)+1)-INDEX('2 Quantiles'!$B$4:$B$24,MATCH(B5,'2 Quantiles'!$B$4:$B$24,1)))) -> 3.4864865 | F5: =IF(C5>=MAX('2 Quantiles'!$C$4:$C$24),20,MATCH(C5,'2 Quantiles'!$C$4:$C$24,1)-1+(C5-INDEX('2 Quantiles'!$C$4:$C$24,MATCH(C5,'2 Quantiles'!$C$4:$C$24,1)))/(INDEX('2 Quantiles'!$C$4:$C$24,MATCH(C5,'2 Quantiles'!$C$4:$C$24,1)+1)-INDEX('2 Quantiles'!$C$4:$C$24,MATCH(C5,'2 Quantiles'!$C$4:$C$24,1)))) -> 1.2307692 | G5: =IF(D5>=MAX('2 Quantiles'!$D$4:$D$24),20,MATCH(D5,'2 Quantiles'!$D$4:$D$24,1)-1+(D5-INDEX('2 Quantiles'!$D$4:$D$24,MATCH(D5,'2 Quantiles'!$D$4:$D$24,1)))/(INDEX('2 Quantiles'!$D$4:$D$24,MATCH(D5,'2 Quantiles'!$D$4:$D$24,1)+1)-INDEX('2 Quantiles'!$D$4:$D$24,MATCH(D5,'2 Quantiles'!$D$4:$D$24,1)))) -> 2.0607962 | H5: =100-5*(3*E5+2*F5+G5)/6 -> 87.515172 | I5: =ROUND(H5,0) -> 88 | J5: =IF(I5>'2 Quantiles'!$G$4,"A",IF(I5>'2 Quantiles'!$G$5,"B",IF(I5>'2 Quantiles'!$G$6,"C",IF(I5>'2 Quantiles'!$G$7,"D",IF(I5>'2 Quantiles'!$G$8,"E",IF(I5>'2 Quantiles'!$G$9,"F","G")))))) -> A | K5: =ROUND(2+2*(50-I5)/100,2) -> 1.24 | L5: =ROUND(3+3*(50-I5)/100,2) -> 1.86 | M5: 88 | N5: A | O5: =I5-M5 -> 0 | P5: 14/10/2026
A6: https://www.leboncoin.fr/ | B6: 1462 | C6: 176 | D6: 4374.26 | E6: =IF(B6>=MAX('2 Quantiles'!$B$4:$B$24),20,MATCH(B6,'2 Quantiles'!$B$4:$B$24,1)-1+(B6-INDEX('2 Quantiles'!$B$4:$B$24,MATCH(B6,'2 Quantiles'!$B$4:$B$24,1)))/(INDEX('2 Quantiles'!$B$4:$B$24,MATCH(B6,'2 Quantiles'!$B$4:$B$24,1)+1)-INDEX('2 Quantiles'!$B$4:$B$24,MATCH(B6,'2 Quantiles'!$B$4:$B$24,1)))) -> 17.008772 | F6: =IF(C6>=MAX('2 Quantiles'!$C$4:$C$24),20,MATCH(C6,'2 Quantiles'!$C$4:$C$24,1)-1+(C6-INDEX('2 Quantiles'!$C$4:$C$24,MATCH(C6,'2 Quantiles'!$C$4:$C$24,1)))/(INDEX('2 Quantiles'!$C$4:$C$24,MATCH(C6,'2 Quantiles'!$C$4:$C$24,1)+1)-INDEX('2 Quantiles'!$C$4:$C$24,MATCH(C6,'2 Quantiles'!$C$4:$C$24,1)))) -> 17.171429 | G6: =IF(D6>=MAX('2 Quantiles'!$D$4:$D$24),20,MATCH(D6,'2 Quantiles'!$D$4:$D$24,1)-1+(D6-INDEX('2 Quantiles'!$D$4:$D$24,MATCH(D6,'2 Quantiles'!$D$4:$D$24,1)))/(INDEX('2 Quantiles'!$D$4:$D$24,MATCH(D6,'2 Quantiles'!$D$4:$D$24,1)+1)-INDEX('2 Quantiles'!$D$4:$D$24,MATCH(D6,'2 Quantiles'!$D$4:$D$24,1)))) -> 17.175618 | H6: =100-5*(3*E6+2*F6+G6)/6 -> 14.546008 | I6: =ROUND(H6,0) -> 15 | J6: =IF(I6>'2 Quantiles'!$G$4,"A",IF(I6>'2 Quantiles'!$G$5,"B",IF(I6>'2 Quantiles'!$G$6,"C",IF(I6>'2 Quantiles'!$G$7,"D",IF(I6>'2 Quantiles'!$G$8,"E",IF(I6>'2 Quantiles'!$G$9,"F","G")))))) -> F | K6: =ROUND(2+2*(50-I6)/100,2) -> 2.7 | L6: =ROUND(3+3*(50-I6)/100,2) -> 4.05 | M6: 15 | N6: F | O6: =I6-M6 -> 0 | P6: 08/10/2026
A7: https://www.amazon.com/ | B7: 2299 | C7: 340 | D7: 6019.26 | E7: =IF(B7>=MAX('2 Quantiles'!$B$4:$B$24),20,MATCH(B7,'2 Quantiles'!$B$4:$B$24,1)-1+(B7-INDEX('2 Quantiles'!$B$4:$B$24,MATCH(B7,'2 Quantiles'!$B$4:$B$24,1)))/(INDEX('2 Quantiles'!$B$4:$B$24,MATCH(B7,'2 Quantiles'!$B$4:$B$24,1)+1)-INDEX('2 Quantiles'!$B$4:$B$24,MATCH(B7,'2 Quantiles'!$B$4:$B$24,1)))) -> 18.734513 | F7: =IF(C7>=MAX('2 Quantiles'!$C$4:$C$24),20,MATCH(C7,'2 Quantiles'!$C$4:$C$24,1)-1+(C7-INDEX('2 Quantiles'!$C$4:$C$24,MATCH(C7,'2 Quantiles'!$C$4:$C$24,1)))/(INDEX('2 Quantiles'!$C$4:$C$24,MATCH(C7,'2 Quantiles'!$C$4:$C$24,1)+1)-INDEX('2 Quantiles'!$C$4:$C$24,MATCH(C7,'2 Quantiles'!$C$4:$C$24,1)))) -> 19.016213 | G7: =IF(D7>=MAX('2 Quantiles'!$D$4:$D$24),20,MATCH(D7,'2 Quantiles'!$D$4:$D$24,1)-1+(D7-INDEX('2 Quantiles'!$D$4:$D$24,MATCH(D7,'2 Quantiles'!$D$4:$D$24,1)))/(INDEX('2 Quantiles'!$D$4:$D$24,MATCH(D7,'2 Quantiles'!$D$4:$D$24,1)+1)-INDEX('2 Quantiles'!$D$4:$D$24,MATCH(D7,'2 Quantiles'!$D$4:$D$24,1)))) -> 18.234764 | H7: =100-5*(3*E7+2*F7+G7)/6 -> 6.2743916 | I7: =ROUND(H7,0) -> 6 | J7: =IF(I7>'2 Quantiles'!$G$4,"A",IF(I7>'2 Quantiles'!$G$5,"B",IF(I7>'2 Quantiles'!$G$6,"C",IF(I7>'2 Quantiles'!$G$7,"D",IF(I7>'2 Quantiles'!$G$8,"E",IF(I7>'2 Quantiles'!$G$9,"F","G")))))) -> G | K7: =ROUND(2+2*(50-I7)/100,2) -> 2.88 | L7: =ROUND(3+3*(50-I7)/100,2) -> 4.32 | M7: 6 | N7: G | O7: =I7-M7 -> 0 | P7: 19/03/2026 – mesures plus récentes écartées : 48 éléments / 9 requêtes = page anti-robot d'Amazon, pas la vraie page d'accueil
A10: Vérification : un écart de 0 en colonne O signifie que la feuille retrouve exactement le score d'ecoindex.fr.
A11: Les mesures d'un même site varient d'un passage à l'autre (publicités, contenus dynamiques) : on retient la mesure la plus récente qui reflète la vraie page.
